Date-Time,Latitude,Longitude,Magnitude,Epicenter
4/25/15 11:56:00 AM,28.24,84.75,7.6,Gorkha
4/25/15 12:23:00 PM,28.41,85.8,5.5,Tibet
4/25/15 12:30:00 PM,28.28,84.72,6.6,Gorkha
4/25/15 12:41:00 PM,28.13,85.65,5.7,Rasuwa
4/25/15 12:53:00 PM,28.2,85.75,5.3,Rasuwa
4/25/15 1:32:00 PM,27.99,85.71,5.1,Tibet
4/25/15 2:02:00 PM,27.78,85.84,5.2,Sindhupalchowk
4/25/15 2:05:00 PM,27.9,84.86,5.1,Dhading
4/25/15 2:14:00 PM,28.18,84.95,5.2,Gorkha
4/25/15 2:40:00 PM,27.65,85.63,5.7,Kabre
4/25/15 2:48:00 PM,27.91,85.33,5.3,Nuwakot
4/25/15 3:15:00 PM,28,85.6,5.5,Sindhupalchowk
4/25/15 3:28:00 PM,28.29,85.16,4.6,Rasuwa
4/25/15 4:08:00 PM,27.87,85.8,4.1,Sindhupalchowk
4/25/15 4:25:00 PM,27.86,85.85,4,Sindhupalchowk
4/25/15 4:50:00 PM,27.91,85.5,4.6,Sindhupalchowk
4/25/15 5:26:00 PM,28.14,85.28,4.1,Rasuwa
4/25/15 6:02:00 PM,28,85.4,4.9,Nuwakot
4/25/15 6:24:00 PM,27.82,86.05,4.5,Dolakha
4/25/15 6:29:00 PM,28.16,84.71,5.5,Gorkha
4/25/15 7:15:00 PM,28.1,85.2,4.7,Rasuwa
4/25/15 7:21:00 PM,27.69,86.02,4.9,Dolakha
4/25/15 7:38:00 PM,27.79,85.16,4.1,Nuwakot
4/25/15 7:47:00 PM,27.68,85.32,4.1,Kathmandu
4/25/15 7:55:00 PM,27.73,85.9,4.7,Sindhupalchowk
4/25/15 8:08:00 PM,28.05,85.25,4.1,Rasuwa
4/25/15 8:21:00 PM,27.6,86.09,4.5,Dolakha
4/25/15 8:25:00 PM,27.73,85.9,5,Sindhupalchowk
4/25/15 8:36:00 PM,28.14,85.16,4.4,Rasuwa
4/25/15 9:02:00 PM,27.95,85.56,4.2,Sindhupalchowk
4/25/15 10:12:00 PM,27.92,85.64,5.3,Sindhupalchowk
4/25/15 10:31:00 PM,27.8,85.29,4,Nuwakot
4/25/15 11:19:00 PM,27.77,85.83,4.1,Sindhupalchowk
4/25/15 11:24:00 PM,27.9,85.53,4,Sindhupalchowk
4/25/15 11:25:00 PM,27.78,85.17,4,Nuwakot
4/25/15 11:27:00 PM,28.34,85.91,5.6,Tibet
4/25/15 11:40:00 PM,28.1,85.27,4,Rasuwa
4/25/15 11:46:00 PM,27.78,85.98,4.1,Sindhupalchowk
4/26/15 12:14:00 AM,27.94,85.55,4.1,Sindhupalchowk
4/26/15 12:43:00 AM,27.71,85.43,4.6,Kathmandu
4/26/15 1:29:00 AM,27.93,85.56,4.1,Sindhupalchowk
4/26/15 1:49:00 AM,28.05,85.35,4,Rasuwa
4/26/15 1:52:00 AM,28.14,84.71,4.2,Gorkha
4/26/15 1:56:00 AM,27.93,85.56,4.4,Sindhupalchowk
4/26/15 2:08:00 AM,28.25,85.83,4,Rasuwa
4/26/15 2:14:00 AM,28.24,84.82,4.3,Gorkha
4/26/15 2:17:00 AM,27.6,85.96,4.8,Sindhupalchowk
4/26/15 2:49:00 AM,27.98,84.99,4,Gorkha
4/26/15 2:52:00 AM,27.82,85.8,4.8,Sindhupalchowk
4/26/15 5:01:00 AM,27.99,85.02,5.5,Nuwakot
4/26/15 5:25:00 AM,27.69,85.25,4,Kathmandu
4/26/15 5:26:00 AM,27.67,86.07,4.5,Dolakha
4/26/15 5:32:00 AM,28.05,85.34,4,Rasuwa
4/26/15 6:00:00 AM,27.67,85.28,4,Kathmandu
4/26/15 6:16:00 AM,27.84,85.12,4,Nuwakot
4/26/15 8:43:00 AM,28.32,84.73,4.5,Gorkha
4/26/15 8:55:00 AM,27.8,85.16,5.1,Nuwakot
4/26/15 9:06:00 AM,27.64,85.63,5,Kavre
4/26/15 10:35:00 AM,28.04,85.5,4.5,Sindhupalchowk
4/26/15 10:43:00 AM,28.26,85.02,4.8,Gorkha
4/26/15 12:54:00 PM,27.84,86.05,6.9,Dolakha
4/26/15 1:12:00 PM,27.75,85.94,5.3,Sindhupalchowk
4/26/15 1:22:00 PM,27.94,86.05,5,Tibet
4/26/15 2:25:00 PM,27.79,86,4.8,Sindhupalchowk
4/26/15 2:31:00 PM,27.97,85.81,4.5,Sindhupalchowk
4/26/15 3:27:00 PM,27.77,85.91,4.5,Sindhupalchowk
4/26/15 6:56:00 PM,27.89,85.6,5,Sindhupalchowk
4/26/15 7:08:00 PM,27.68,85.95,4,Dolakha
4/26/15 8:17:00 PM,27.79,85.15,4,Nuwakot
4/26/15 8:29:00 PM,27.72,85.97,4.5,Sindhupalchowk
4/26/15 8:42:00 PM,28.31,84.97,4.5,Gorkha
4/26/15 9:47:00 PM,27.65,85.97,4,Dolakha
4/26/15 10:08:00 PM,27.67,85.3,4,Kathmandu
4/26/15 10:10:00 PM,27.95,85.87,5.3,Sindhupalchowk
4/26/15 10:42:00 PM,27.83,86.06,4,Dolakha
4/26/15 11:51:00 PM,27.91,85.55,4.2,Sindhupalchowk
4/27/15 12:39:00 AM,28.26,85.1,4.5,Rasuwa
4/27/15 3:37:00 AM,27.75,85.2,4.1,Kathmandu
4/27/15 4:15:00 AM,27.56,85.73,4.2,Kavrepalanchowk
4/27/15 4:17:00 AM,27.57,85.74,4.5,Kavrepalanchowk
4/27/15 4:27:00 AM,27.82,85.76,4.4,Sindhupalchowk
4/27/15 6:24:00 AM,27.77,85.12,4.7,Nuwakot
4/27/15 8:18:00 AM,27.67,85.55,4.2,Kavrepalanchowk
4/27/15 9:59:00 AM,28.24,85.23,4.3,Rasuwa
4/27/15 10:05:00 AM,27.93,85.86,4,Sindhupalchowk
4/27/15 3:17:00 PM,27.8,85.12,4,Nuwakot
4/27/15 9:36:00 PM,27.67,85.29,4.5,Kathmandu
4/27/15 10:39:00 PM,27.82,85.89,4.2,Sindhupalchowk
4/27/15 11:30:00 PM,28.19,85.03,4,Dhading
4/28/15 12:44:00 AM,28.29,84.93,4.8,Gorkha
4/28/15 2:59:00 AM,27.92,85.51,4.2,Sindhupalchowk
4/28/15 3:12:00 AM,27.89,85.76,4.2,Sindhupalchowk
4/28/15 4:11:00 AM,28.1,84.65,4.2,Gorkha
4/28/15 5:05:00 AM,28.1,85.49,4.9,Sindhupalchok
4/28/15 7:45:00 AM,27.81,86.09,4.2,Dolakha
4/28/15 8:40:00 AM,27.76,85.8,4,Sindhupalchowk
4/28/15 12:08:00 PM,27.96,85.55,4,Sindhupalchowk
4/28/15 3:10:00 PM,27.83,85.83,4,Sindhupalchowk
4/28/15 4:44:00 PM,27.78,85.17,4,Nuwakot
4/28/15 5:03:00 PM,27.88,85.88,4.2,Sindhupalchowk
4/28/15 10:07:00 PM,28.2,84.78,4,Gorkha
4/29/15 4:49:00 AM,27.93,85.63,4,Sindhupalchowk
4/29/15 5:54:00 AM,27.79,85.14,4.2,Nuwakot
4/29/15 1:17:00 PM,28.04,85.37,4,Nuwakot
4/29/15 3:24:00 PM,27.86,84.89,4.5,Dhading
4/29/15 5:12:00 PM,27.95,85.52,4.5,Sindhupalchowk
4/29/15 11:01:00 PM,28.19,84.8,4.4,Gorkha
4/30/15 6:22:00 AM,27.93,84.83,4.7,Dhading
4/30/15 8:31:00 AM,28.05,85.34,4.7,Rasuwa
4/30/15 1:29:00 PM,27.65,86.09,4.1,Dolakha
4/30/15 11:19:00 PM,27.92,85.87,4.3,Sindhupalchowk
5/1/15 12:58:00 AM,27.7,85.98,4.2,Dolakha
5/1/15 2:56:00 AM,27.68,85.3,4,Kathmandu
5/1/15 10:35:00 AM,27.75,85.95,4,Sindhupalchowk
5/1/15 11:28:00 AM,28.04,85.33,4.5,Rasuwa
5/1/15 5:37:00 PM,27.74,85.99,4,Dolakha
5/1/15 8:27:00 PM,27.88,85.87,4.2,Sindhupalchowk
5/1/15 11:59:00 PM,28.04,85.32,4,Rasuwa
5/2/15 3:55:00 AM,27.95,85.73,4.2,Sindhupalchowk
5/2/15 5:55:00 AM,27.74,86.28,4.3,Dolakha
5/2/15 9:32:00 AM,27.93,85.5,4.2,Sindhupalchowk
5/2/15 11:13:00 AM,27.72,85.74,4,Sindhupalchowk
5/2/15 11:20:00 AM,28.24,84.76,5.1,Gorkha
5/2/15 9:01:00 PM,27.66,86.01,4.1,Dolakha
5/3/15 3:29:00 AM,27.69,85.93,4.5,Sindhupalchowk
5/3/15 5:47:00 AM,28.08,85.04,4,Gorkha
5/3/15 8:00:00 AM,27.98,84.87,4.1,Dhading
5/3/15 10:46:00 AM,27.94,84.83,4.5,Dhading
5/3/15 5:20:00 PM,27.8,85.11,4.9,Nuwakot
5/3/15 6:58:00 PM,27.89,85.73,4,Sindhupalchowk
5/3/15 8:27:00 PM,28.09,85.72,4.2,Sindhupalchowk
5/3/15 10:39:00 PM,28.05,84.94,4,Dhading
5/4/15 4:59:00 AM,27.75,85.87,4.2,Sindhupalchowk
5/4/15 7:00:00 AM,27.69,85.99,4.3,Dolakha
5/4/15 9:54:00 AM,27.97,85.21,4.2,Nuwakot
5/4/15 10:33:00 AM,27.79,85.16,4,Nuwakot
5/4/15 10:36:00 AM,27.8,85.16,4.1,Nuwakot
5/4/15 1:17:00 PM,28.12,84.8,4,Gorkha
5/4/15 2:34:00 PM,27.79,86.23,4.7,Dolakha
5/4/15 3:40:00 PM,27.95,85.86,4.4,Sindhupalchowk
5/4/15 6:02:00 PM,27.74,86,4.2,Dolakha
5/5/15 6:39:00 AM,28.06,85.05,4,Dhading
5/5/15 4:23:00 PM,27.74,86.03,4.3,Dolakha
5/5/15 5:00:00 PM,27.96,86,4.2,Sindhupalchowk
5/6/15 6:02:00 PM,28.01,84.68,4.2,Gorkha
5/6/15 10:19:00 PM,28.04,85.26,4,Rasuwa
5/7/15 3:41:00 AM,27.75,85.19,4.2,Nuwakot
5/7/15 7:56:00 AM,27.79,85.16,4,Nuwakot
5/7/15 10:15:00 PM,27.92,85.46,4,Nuwakot
5/8/15 2:19:00 AM,27.94,85.58,4,Sindhupalchowk
5/8/15 6:17:00 AM,27.69,86.04,5,Dolakha
5/8/15 8:19:00 AM,27.75,85.91,4.2,Sindhupalchowk
5/8/15 1:32:00 PM,27.77,85.88,4.8,Sindhupalchowk
5/8/15 3:05:00 PM,28.01,85.41,4.2,Nuwakot
5/9/15 3:08:00 AM,28.04,85.2,4.1,Rasuwa
5/10/15 1:50:00 AM,28.04,85.96,4.2,Tibet
5/10/15 6:34:00 AM,27.88,86,4.4,Sindhupalchowk
5/10/15 11:08:00 AM,28.02,85.25,4,Rasuwa
5/10/15 3:23:00 PM,27.65,85.56,4.2,kavre
5/11/15 8:35:00 PM,27.99,85.86,4.2,Sindhupalchowk
5/11/15 11:54:00 PM,27.91,85.75,4,Sindhupalchowk
5/12/15 12:07:00 AM,28.1,84.91,4,Dhading
5/12/15 2:08:00 AM,28.16,84.9,4.1,Gorkha
5/12/15 12:50:00 PM,27.82,86.12,6.8,Dolakha
5/12/15 1:02:00 PM,27.84,86.17,5.8,Dolakha
5/12/15 1:21:00 PM,27.73,86.21,6.2,Dolakha
5/12/15 1:28:00 PM,27.69,86.24,5,Dolakha
5/12/15 1:33:00 PM,27.63,86.17,4.8,Dolakha
5/12/15 1:46:00 PM,27.68,86.04,4.3,Dolakha
5/12/15 1:51:00 PM,27.8,85.94,5.1,Sindhupalchok
5/12/15 1:58:00 PM,27.8,85.83,5.3,Sindhupalchok
5/12/15 2:06:00 PM,27.66,86.17,5.2,Dolakha
5/12/15 2:09:00 PM,27.79,86.11,5,Dolakha
5/12/15 2:19:00 PM,27.88,85.94,4.8,Sindhupalchok
5/12/15 2:20:00 PM,27.68,86.23,4.7,Dolakha
5/12/15 2:24:00 PM,27.69,86.21,4.7,Dolakha
5/12/15 2:44:00 PM,27.76,86.31,5.3,Dolakha
5/12/15 2:47:00 PM,27.8,86.12,4.7,Dolakha
5/12/15 3:14:00 PM,27.7,86.01,4.2,Dolakha
5/12/15 3:29:00 PM,27.8,85.95,4.2,Sindhupalchok
5/12/15 3:49:00 PM,27.68,86.03,4.4,Dolakha
5/12/15 4:00:00 PM,27.57,86.29,4.8,Ramechhap
5/12/15 4:16:00 PM,27.69,86.05,4.2,Dolakha
5/12/15 4:20:00 PM,27.73,86.11,5,Dolakha
5/12/15 4:26:00 PM,27.76,86.24,4.4,Dolakha
5/12/15 4:51:00 PM,27.62,86.16,4.7,Dolakha
5/12/15 5:06:00 PM,27.72,86.2,4.6,Dolakha
5/12/15 5:43:00 PM,27.71,86,4.3,Dolakha
5/12/15 6:13:00 PM,27.7,86.04,4.7,Dolakha
5/12/15 6:47:00 PM,27.89,85.88,4.4,Sindhupalchok
5/12/15 6:53:00 PM,27.72,85.97,4,Dolakha
5/12/15 7:28:00 PM,27.78,85.85,4.3,Sindhupalchok
5/12/15 7:42:00 PM,27.84,86.23,4.4,Dolakha
5/12/15 8:44:00 PM,28.03,86.36,4.1,Tibet
5/12/15 9:13:00 PM,27.97,86.45,4.8,Tibet
5/12/15 10:17:00 PM,27.68,86.04,4.2,Dolakha
5/12/15 11:13:00 PM,27.58,86.41,4.3,Ramechhap
5/13/15 2:07:00 AM,27.68,85.3,4.2,Kathmandu
5/13/15 3:10:00 AM,27.91,84.82,5.9,Dhading
5/13/15 3:42:00 AM,27.85,85.92,4.2,Sindhupalchok
5/13/15 4:38:00 AM,27.82,86.47,4.3,Dolakha
5/13/15 8:08:00 AM,27.65,86.18,4.4,Dolakha
5/13/15 8:28:00 AM,27.75,86.25,4.4,Dolakha
5/13/15 10:33:00 AM,27.79,86.19,4.6,Dolakha
5/13/15 12:11:00 PM,27.69,86.11,4.7,Sindhupalchok
5/13/15 12:22:00 PM,27.79,86.07,4.8,Dolakha
5/13/15 12:34:00 PM,27.84,86.25,4.6,Dolakha
5/13/15 12:38:00 PM,27.68,86.17,5.1,Dolakha
5/13/15 2:30:00 PM,27.6,86.16,4.3,Dolakha
5/13/15 3:37:00 PM,27.85,86.29,4,Dolakha
5/13/15 4:44:00 PM,27.63,86.17,4.5,Dolakha
5/13/15 9:21:00 PM,27.64,85.7,4,Kavrepalanchok
5/13/15 9:36:00 PM,27.7,86.15,4.1,Dolakha
5/14/15 12:16:00 AM,27.92,86.31,4.3,Dolakha
5/14/15 3:13:00 AM,27.66,86.07,4.1,Dolakha
5/14/15 3:23:00 AM,27.67,86.08,5,Dolakha
5/14/15 8:52:00 AM,27.8,85.82,4,Sindupalchok
5/14/15 9:06:00 AM,27.83,86.15,4.5,Dolakha
5/14/15 3:20:00 PM,27.62,86.09,4.2,Dolakha
5/14/15 7:43:00 PM,27.75,86.14,4,Dolakha
5/14/15 8:21:00 PM,28.06,85.35,4.5,Rasuwa
5/14/15 8:50:00 PM,27.71,86.04,4,Dolakha
5/14/15 9:40:00 PM,27.84,85.84,4,Sindhupalchowk
5/15/15 3:38:00 AM,27.63,86.25,4.1,Dolakha
5/15/15 4:06:00 AM,27.69,86.08,4.3,Dolakha
5/15/15 7:27:00 AM,27.93,84.84,5.5,Dhading
5/15/15 10:51:00 AM,27.92,84.84,4,Dhading
5/15/15 3:09:00 PM,27.61,86.2,4.5,Dolakha
5/15/15 10:58:00 PM,27.74,86.17,4,Dolakha
5/16/15 2:15:00 AM,28.07,84.7,4,Gorkha
5/16/15 4:28:00 AM,27.65,86.12,4.1,Dolakha
5/16/15 4:38:00 AM,27.66,86.09,4.1,Dolakha
5/16/15 6:11:00 AM,27.97,85.48,4,Nuwakot
5/16/15 6:31:00 AM,28.13,84.89,4,Gorkha
5/16/15 9:24:00 AM,27.7,85.85,4.2,Sindhupalchowk
5/16/15 9:35:00 AM,27.45,85.31,4.2,Lalitpur
5/16/15 5:19:00 PM,27.6,86.26,5.5,Dolakha
5/16/15 8:44:00 PM,27.64,86.14,4.3,Dolakha
5/17/15 5:00:00 AM,27.73,86.06,4.4,Dolakha
5/17/15 11:30:00 AM,27.48,85.87,4.6,Ramechhap
5/17/15 8:40:00 PM,27.84,86.24,4.4,Dolakha
5/18/15 9:11:00 AM,27.71,86.07,4.2,Dolakha
5/18/15 11:24:00 AM,27.69,86.26,4,Dolakha
5/18/15 6:27:00 PM,28.11,84.88,4.1,Dhading
5/19/15 4:34:00 AM,27.66,86.03,4.3,Dolakha
5/19/15 11:29:00 AM,27.9,85.99,4,Sindhupalchowk
5/19/15 4:44:00 PM,27.92,86.04,4.2,Sindhupalchowk
5/20/15 11:10:00 AM,27.84,86.33,4.2,Dolakha
5/20/15 2:47:00 PM,27.52,85.26,4.4,Lalitput
5/21/15 2:11:00 PM,27.85,86.32,4.2,Dolakha
5/21/15 2:56:00 PM,27.93,85.46,4,Nuwakot
5/21/15 7:30:00 PM,28.02,84.98,4,Dhading
5/22/15 2:45:00 PM,27.79,85.14,4.2,Nuwakot
5/22/15 4:44:00 PM,28.05,85.08,4.8,Nuwakot
5/22/15 5:30:00 PM,27.63,86.25,4.1,Dolakha
5/22/15 6:49:00 PM,27.78,85.93,4,Sindhupalchowk
5/22/15 8:44:00 PM,27.69,86.16,4.1,Dolakha
5/23/15 1:14:00 PM,27.74,86.2,4.2,Dolakha
5/23/15 10:26:00 PM,27.9,85.51,4.4,Sindhupalchok
5/24/15 7:06:00 AM,27.67,86.18,4.2,Dolakha
5/24/15 10:38:00 AM,27.76,86.28,4.4,Dolakha
5/24/15 11:46:00 AM,27.84,86,4.2,Sindhupalchowk
5/24/15 12:55:00 PM,27.8,86.29,4.4,Dolakha
5/24/15 11:15:00 PM,27.76,86.26,4.3,Dolakha
5/25/15 3:23:00 AM,28.01,84.68,5,Gorkha
5/25/15 11:00:00 AM,27.71,86.07,4.1,Dolakha
5/25/15 10:16:00 PM,27.74,86.19,4.4,Dolakha
5/26/15 2:11:00 PM,27.84,86.24,4.3,Dolakha
5/26/15 5:48:00 PM,27.63,86.3,4.1,Dolakha
5/26/15 6:39:00 PM,27.71,86.05,4.1,Dolakha
5/26/15 8:00:00 PM,27.54,85.43,4.3,Lalitpur
5/26/15 10:52:00 PM,28.02,85.26,5,Rasuwa
5/27/15 12:03:00 PM,27.59,86.2,4.2,Dolakha
5/27/15 1:15:00 PM,27.91,85.53,4.5,Sindhupalchowk
5/27/15 1:16:00 PM,27.89,85.53,4.6,Sindhupalchowk
5/27/15 10:29:00 PM,28.04,85.13,4.2,Nuwakot
5/28/15 3:07:00 AM,27.99,84.79,4,Dhading
5/28/15 3:40:00 AM,27.95,84.8,4,Dhading
5/28/15 5:12:00 AM,27.64,85.31,4,Kathmandu
5/28/15 5:29:00 AM,27.77,86.25,4.2,Dolakha
5/28/15 11:36:00 AM,27.59,86.19,4.2,Dolakha
5/28/15 12:14:00 PM,27.59,86.16,4.1,Dolakha
5/28/15 10:16:00 PM,27.94,85.54,4,Sindhupalchowk
5/29/15 12:37:00 AM,27.82,86.34,4.2,Dolakha
5/29/15 5:20:00 AM,28.07,84.94,4.2,Dhading
5/29/15 8:30:00 AM,28.17,84.72,4,Gorkha
5/29/15 12:30:00 PM,28.01,84.84,4.8,Dhading
5/29/15 3:44:00 PM,28,84.98,5.2,Dhading
5/30/15 1:52:00 AM,27.75,85.21,4,Dhading
5/30/15 8:35:00 PM,28.01,85.19,4,Rasuwa
5/30/15 10:13:00 PM,27.79,85.17,4.5,Nuwakot
5/31/15 1:54:00 PM,28.29,84.46,4.2,Lamjung
6/1/15 4:35:00 AM,27.98,85.51,4,Sindhupalchowk
6/2/15 10:48:00 AM,27.78,86.2,4,Dolakha
6/3/15 2:45:00 AM,27.84,85.78,4.1,Sindhupalchowk
6/3/15 1:37:00 PM,27.79,85.87,4.5,Sindhupalchowk
6/3/15 2:39:00 PM,27.76,86.07,4.2,Dolakha
6/3/15 5:38:00 PM,27.7,86.26,4.5,Dolakha
6/4/15 4:15:00 PM,27.76,86.2,4,Dolakha
6/5/15 10:02:00 AM,27.79,85.78,4.1,Sindhupalchowk
6/5/15 2:16:00 PM,27.7,85.22,4,Kathmandu
6/6/15 2:33:00 AM,28.26,85.86,4.2,Tibet
6/6/15 10:45:00 PM,27.58,86.18,4,Dolakha
6/7/15 11:02:00 AM,27.9,85.64,4.6,Sindhupalchowk
6/7/15 10:35:00 PM,27.87,86.13,4.1,Dolakha
6/10/15 2:50:00 AM,27.87,85.81,4.1,Sindhupalchowk
6/10/15 1:36:00 PM,27.8,85.61,4.3,Sindhupalchowk
6/10/15 2:51:00 PM,27.62,86.1,4.2,Dolakha
6/11/15 12:26:00 AM,27.67,86.07,4,Dolakha
6/11/15 10:02:00 AM,27.8,85.78,4.6,Sindhupalchowk
6/11/15 9:57:00 PM,27.96,85.73,5.3,Sindhupalchowk
6/12/15 1:22:00 AM,28.21,84.81,4.6,Gorkha
6/12/15 10:19:00 AM,27.67,86.09,4.4,Dolakha
6/13/15 7:03:00 AM,27.73,86.16,5.2,Dolakha
6/14/15 5:59:00 AM,27.8,85.15,4.2,Nuwakot
6/14/15 3:01:00 PM,27.74,86.26,4.1,Dolakha
6/15/15 3:52:00 PM,27.87,85.72,4.1,Sindhupalchowk
6/16/15 9:56:00 PM,27.7,86.16,4.1,Dolakha
6/17/15 5:58:00 AM,27.68,85.28,4.4,Kathmandu
6/17/15 6:14:00 AM,27.91,85.59,5.2,Sindhupalchok
6/17/15 6:26:00 AM,27.9,85.58,4,Sindhupalchok
6/17/15 8:00:00 AM,28.27,85.94,5.1,Tibet
6/18/15 8:24:00 AM,28.14,85.11,4.1,Dhading
6/19/15 1:50:00 PM,28.26,84.92,4,Gorkha
6/20/15 2:40:00 AM,28.17,84.94,4.2,Gorkha
6/21/15 7:26:00 PM,27.8,86,4.3,Sindupalchok
6/22/15 1:19:00 PM,27.67,86.17,4,Dolakha
6/24/15 2:59:00 PM,27.85,85.75,4,Sindhupalchowk
6/25/15 9:07:00 PM,27.78,85.17,4.3,Nuwakot
6/25/15 11:49:00 PM,27.66,86.21,4.1,Dolakha
6/25/15 11:51:00 PM,27.94,85.49,4.2,Sindhupalchok
6/26/15 2:45:00 PM,27.58,85.39,4.1,Lalitpur
6/26/15 6:02:00 PM,27.74,86.28,4.2,Dolakha
6/28/15 10:01:00 PM,27.92,85.66,4.3,Sindhupalchok
6/29/15 5:42:00 AM,27.35,86.2,5,Ramechhap
6/29/15 11:27:00 PM,27.92,85.68,4.1,Sindhupalchowk
6/29/15 11:34:00 PM,27.93,85.64,4,Sindhupalchowk
6/30/15 3:31:00 AM,27.55,85.79,4.4,Kavre
7/1/15 3:33:00 AM,27.8,85.74,4,Sindhupalchowk
7/1/15 9:12:00 AM,27.71,86.12,4,Dolakha
7/1/15 3:34:00 PM,28.06,85.14,4,Nuwakot
7/2/15 5:26:00 AM,27.67,85.54,4.1,Kavre
7/2/15 7:41:00 AM,27.97,85.62,5,Sindhupalchowk
7/4/15 1:49:00 AM,27.73,85,4.6,Dhading
7/5/15 1:27:00 AM,27.86,85.87,4.4,Sindupalchok
7/5/15 10:07:00 AM,27.67,86.2,4.2,Dolakha
7/6/15 10:48:00 AM,27.69,86.2,4.3,Dolakha
7/6/15 9:14:00 PM,27.96,85.75,4.4,Sindhupalchok
7/8/15 9:55:00 AM,27.92,85.68,4.2,Sindhupalchok
7/8/15 10:19:00 AM,27.6,86.23,4.1,Dolakha
7/9/15 5:59:00 PM,27.89,85.73,4.4,Sindupalchok
7/11/15 2:28:00 AM,27.8,86.23,4.4,Dolakha
7/13/15 4:01:00 PM,28.06,85.34,4,Rasuwa
7/13/15 5:39:00 PM,27.63,86.09,4.2,Dolakha
7/17/15 5:09:00 AM,28.18,84.74,4,Gorkha
7/21/15 8:09:00 AM,27.86,86.39,4.3,Dolakha
7/22/15 10:14:00 PM,27.7,85.32,4.6,Kathmandu
7/25/15 12:05:00 AM,27.61,86.28,4.3,Dolakha
7/25/15 8:04:00 PM,27.66,86,4.5,Dolakha
7/26/15 9:30:00 AM,27.68,86.22,4.1,Dolakha
7/26/15 10:03:00 AM,27.85,85.75,4,Sindupalchok
7/27/15 6:23:00 PM,27.94,85.48,4.2,Nuwakot
7/28/15 9:21:00 AM,27.8,85.75,4.1,Sindupalchok
7/28/15 6:38:00 PM,27.68,86.04,4,Dolakha
7/28/15 9:23:00 PM,27.59,86.17,4.1,Dolakha
7/30/15 8:18:00 PM,27.66,86.09,4.5,Dolakha
8/1/15 7:22:00 AM,27.81,85.71,4.2,Sindupalchok
8/5/15 1:59:00 PM,27.64,86.07,4.3,Dolakha
8/5/15 5:38:00 PM,27.63,86.07,4.1,Dolakha
8/6/15 8:36:00 PM,27.86,85.76,4.1,Sindupalchok
8/7/15 11:57:00 AM,27.5,85.5,4.4,Kavre
8/8/15 6:24:00 AM,27.77,85.7,4,Sindupalchok
8/8/15 9:25:00 PM,27.69,86.26,4.1,Dolakha
8/9/15 7:55:00 AM,27.94,85.52,4.1,Sindupalchok
8/10/15 4:15:00 AM,28.14,84.72,4.9,Gorkha
8/11/15 10:42:00 AM,27.7,85.29,4.3,Kathmandu
8/13/15 1:49:00 AM,27.72,85.2,4,Kathmandu
8/14/15 6:47:00 PM,27.59,85.97,4.3,Dolakha
8/15/15 10:10:00 AM,27.87,86.08,4.1,Dolakha
8/15/15 11:56:00 PM,27.71,86.05,4.8,Dolakha
8/18/15 4:08:00 AM,27.93,86.14,4.8,Dolakha
8/20/15 11:47:00 AM,28,85.29,4.6,Rasuwa
8/21/15 12:21:00 PM,27.96,85.48,4,Nuwakot
8/23/15 2:47:00 PM,27.87,86.17,5.1,Dolakha
8/25/15 3:08:00 PM,27.68,86.22,4,Dolakha
8/27/15 12:51:00 AM,27.85,85.74,4.2,Sindhupalchowk
8/27/15 6:07:00 AM,28.12,84.89,4.1,Gorkha
8/30/15 3:09:00 AM,27.92,84.94,4.3,Dhading
8/30/15 8:26:00 AM,27.66,86.23,4.1,Dolakha
8/30/15 7:02:00 PM,27.72,85.75,5,Sindhupalchowk
8/31/15 11:33:00 PM,27.92,85.69,4.2,Sindhupalchowk
9/2/15 4:51:00 AM,27.64,86.19,4.4,Dolakha
9/3/15 5:10:00 AM,27.75,86.01,4.3,Sindhupalchowk
9/9/15 6:23:00 PM,27.82,86.24,4,Dolakha
9/16/15 8:37:00 PM,27.6,86.19,4.2,Dolakha
9/20/15 4:05:00 AM,27.76,86.37,4,Dolakha
9/22/15 12:17:00 PM,27.74,85.07,4.5,Dhading
9/29/15 4:39:00 PM,27.77,85.87,4.6,Sindhupalchowk
10/5/15 1:18:00 PM,27.71,86.15,4.8,Dolakha
10/5/15 1:21:00 PM,27.71,86.1,4.2,Dolakha
10/6/15 5:47:00 PM,27.69,86.09,4.2,Dolakha
10/7/15 5:15:00 AM,27.68,86.08,4.2,Dolakha
10/8/15 1:00:00 PM,27.57,85.31,4,Lalitpur
10/8/15 9:58:00 PM,27.96,85.54,4.1,Sindupalchowk
10/16/15 2:28:00 PM,27.71,86.16,4.2,Dolakha
10/17/15 11:46:00 PM,27.8,86.3,4.2,Dolakha
10/31/15 9:28:00 AM,28.03,85.23,4.3,Rasuwa
11/17/15 6:55:00 PM,28.02,85.28,4.3,Rasuwa
11/19/15 10:00:00 AM,27.89,85.75,5.3,Sindupalchok
11/19/15 5:44:00 PM,27.77,85.88,4,Sindhupalchok
11/24/15 5:00:00 PM,27.87,85.29,4,Nuwakot
11/24/15 6:09:00 PM,28.15,84.81,4.4,Gorkha
11/25/15 12:42:00 AM,27.87,85.77,4.1,Sindhupalchowk
11/27/15 10:48:00 AM,27.99,85.65,4.2,Sindupalchok
11/27/15 3:23:00 PM,27.63,85.53,4.1,kavrepalanchok
11/30/15 6:10:00 AM,27.78,85.39,4.1,Kathmandu
12/7/15 7:27:00 AM,27.86,86.19,4,Dolakha
12/13/15 8:45:00 AM,28.04,85.02,4.1,Dhading
12/23/15 8:59:00 AM,27.79,86.08,4.1,Dolakha
12/28/15 3:52:00 AM,27.7,86.12,4.2,Dolakha
12/31/15 7:41:00 AM,27.86,85.72,4.3,Sindhupalchowk
